Metric,School,Value,Rank,Type
Tuition % of core revenue,Chapman University,81,4,Private (FASB)
Tuition % of core revenue,University of La Verne,73,11,Private (FASB)
Tuition % of core revenue,Loyola Marymount University,82,2,Private (FASB)
Tuition % of core revenue,University of San Diego,67,15,Private (FASB)
Tuition % of core revenue,University of San Francisco,78,5,Private (FASB)
Tuition % of core revenue,University of Denver,67,15,Private (FASB)
Tuition % of core revenue,Georgetown University,48,24,Private (FASB)
Tuition % of core revenue,Mercer University,53,22,Private (FASB)
Tuition % of core revenue,DePaul University,74,10,Private (FASB)
Tuition % of core revenue,Loyola University Chicago,64,18,Private (FASB)
Tuition % of core revenue,Butler University,77,7,Private (FASB)
Tuition % of core revenue,Suffolk University,68,13,Private (FASB)
Tuition % of core revenue,Saint Louis University,29,25,Private (FASB)
Tuition % of core revenue,Creighton University,49,23,Private (FASB)
Tuition % of core revenue,Seton Hall University,75,9,Private (FASB)
Tuition % of core revenue,Adelphi University,82,2,Private (FASB)
Tuition % of core revenue,Hofstra University,64,18,Private (FASB)
Tuition % of core revenue,Pace University,78,5,Private (FASB)
Tuition % of core revenue,St. John's University-New York,87,1,Private (FASB)
Tuition % of core revenue,Syracuse University,60,20,Private (FASB)
Tuition % of core revenue,Duquesne University,65,17,Private (FASB)
Tuition % of core revenue,Villanova University,68,13,Private (FASB)
Tuition % of core revenue,Providence College,69,12,Private (FASB)
Tuition % of core revenue,Seattle University,76,8,Private (FASB)
Tuition % of core revenue,Marquette University,56,21,Private (FASB)
Gov grants % of core revenue,Chapman University,3,18,Private (FASB)
Gov grants % of core revenue,University of La Verne,12,2,Private (FASB)
Gov grants % of core revenue,Loyola Marymount University,3,18,Private (FASB)
Gov grants % of core revenue,University of San Diego,6,8,Private (FASB)
Gov grants % of core revenue,University of San Francisco,2,23,Private (FASB)
Gov grants % of core revenue,University of Denver,8,4,Private (FASB)
Gov grants % of core revenue,Georgetown University,12,2,Private (FASB)
Gov grants % of core revenue,Mercer University,14,1,Private (FASB)
Gov grants % of core revenue,DePaul University,2,23,Private (FASB)
Gov grants % of core revenue,Loyola University Chicago,6,8,Private (FASB)
Gov grants % of core revenue,Butler University,3,18,Private (FASB)
Gov grants % of core revenue,Suffolk University,4,11,Private (FASB)
Gov grants % of core revenue,Saint Louis University,5,10,Private (FASB)
Gov grants % of core revenue,Creighton University,4,11,Private (FASB)
Gov grants % of core revenue,Seton Hall University,4,11,Private (FASB)
Gov grants % of core revenue,Adelphi University,3,18,Private (FASB)
Gov grants % of core revenue,Hofstra University,7,6,Private (FASB)
Gov grants % of core revenue,Pace University,4,11,Private (FASB)
Gov grants % of core revenue,St. John's University-New York,4,11,Private (FASB)
Gov grants % of core revenue,Syracuse University,7,6,Private (FASB)
Gov grants % of core revenue,Duquesne University,4,11,Private (FASB)
Gov grants % of core revenue,Villanova University,3,18,Private (FASB)
Gov grants % of core revenue,Providence College,4,11,Private (FASB)
Gov grants % of core revenue,Seattle University,2,23,Private (FASB)
Gov grants % of core revenue,Marquette University,8,4,Private (FASB)
Private gifts % of core revenue,Chapman University,11,10,Private (FASB)
Private gifts % of core revenue,University of La Verne,2,25,Private (FASB)
Private gifts % of core revenue,Loyola Marymount University,12,9,Private (FASB)
Private gifts % of core revenue,University of San Diego,13,6,Private (FASB)
Private gifts % of core revenue,University of San Francisco,13,6,Private (FASB)
Private gifts % of core revenue,University of Denver,8,15,Private (FASB)
Private gifts % of core revenue,Georgetown University,23,1,Private (FASB)
Private gifts % of core revenue,Mercer University,7,16,Private (FASB)
Private gifts % of core revenue,DePaul University,5,21,Private (FASB)
Private gifts % of core revenue,Loyola University Chicago,7,16,Private (FASB)
Private gifts % of core revenue,Butler University,9,12,Private (FASB)
Private gifts % of core revenue,Suffolk University,4,23,Private (FASB)
Private gifts % of core revenue,Saint Louis University,7,16,Private (FASB)
Private gifts % of core revenue,Creighton University,15,5,Private (FASB)
Private gifts % of core revenue,Seton Hall University,7,16,Private (FASB)
Private gifts % of core revenue,Adelphi University,3,24,Private (FASB)
Private gifts % of core revenue,Hofstra University,5,21,Private (FASB)
Private gifts % of core revenue,Pace University,9,12,Private (FASB)
Private gifts % of core revenue,St. John's University-New York,7,16,Private (FASB)
Private gifts % of core revenue,Syracuse University,10,11,Private (FASB)
Private gifts % of core revenue,Duquesne University,13,6,Private (FASB)
Private gifts % of core revenue,Villanova University,17,3,Private (FASB)
Private gifts % of core revenue,Providence College,18,2,Private (FASB)
Private gifts % of core revenue,Seattle University,9,12,Private (FASB)
Private gifts % of core revenue,Marquette University,16,4,Private (FASB)
Investment return % of core revenue,Chapman University,3,23,Private (FASB)
Investment return % of core revenue,University of La Verne,12,9,Private (FASB)
Investment return % of core revenue,Loyola Marymount University,1,24,Private (FASB)
Investment return % of core revenue,University of San Diego,12,9,Private (FASB)
Investment return % of core revenue,University of San Francisco,5,21,Private (FASB)
Investment return % of core revenue,University of Denver,8,16,Private (FASB)
Investment return % of core revenue,Georgetown University,10,12,Private (FASB)
Investment return % of core revenue,Mercer University,14,7,Private (FASB)
Investment return % of core revenue,DePaul University,18,2,Private (FASB)
Investment return % of core revenue,Loyola University Chicago,13,8,Private (FASB)
Investment return % of core revenue,Butler University,6,19,Private (FASB)
Investment return % of core revenue,Suffolk University,9,15,Private (FASB)
Investment return % of core revenue,Saint Louis University,18,2,Private (FASB)
Investment return % of core revenue,Creighton University,20,1,Private (FASB)
Investment return % of core revenue,Seton Hall University,7,17,Private (FASB)
Investment return % of core revenue,Adelphi University,10,12,Private (FASB)
Investment return % of core revenue,Hofstra University,18,2,Private (FASB)
Investment return % of core revenue,Pace University,7,17,Private (FASB)
Investment return % of core revenue,St. John's University-New York,1,24,Private (FASB)
Investment return % of core revenue,Syracuse University,15,6,Private (FASB)
Investment return % of core revenue,Duquesne University,16,5,Private (FASB)
Investment return % of core revenue,Villanova University,6,19,Private (FASB)
Investment return % of core revenue,Providence College,5,21,Private (FASB)
Investment return % of core revenue,Seattle University,11,11,Private (FASB)
Investment return % of core revenue,Marquette University,10,12,Private (FASB)
Other core revenue %,Chapman University,2,18,Private (FASB)
Other core revenue %,University of La Verne,1,24,Private (FASB)
Other core revenue %,Loyola Marymount University,2,18,Private (FASB)
Other core revenue %,University of San Diego,3,15,Private (FASB)
Other core revenue %,University of San Francisco,2,18,Private (FASB)
Other core revenue %,University of Denver,9,7,Private (FASB)
Other core revenue %,Georgetown University,7,9,Private (FASB)
Other core revenue %,Mercer University,11,3,Private (FASB)
Other core revenue %,DePaul University,1,24,Private (FASB)
Other core revenue %,Loyola University Chicago,10,5,Private (FASB)
Other core revenue %,Butler University,4,14,Private (FASB)
Other core revenue %,Suffolk University,14,2,Private (FASB)
Other core revenue %,Saint Louis University,40,1,Private (FASB)
Other core revenue %,Creighton University,11,3,Private (FASB)
Other core revenue %,Seton Hall University,7,9,Private (FASB)
Other core revenue %,Adelphi University,3,15,Private (FASB)
Other core revenue %,Hofstra University,6,12,Private (FASB)
Other core revenue %,Pace University,2,18,Private (FASB)
Other core revenue %,St. John's University-New York,2,18,Private (FASB)
Other core revenue %,Syracuse University,9,7,Private (FASB)
Other core revenue %,Duquesne University,3,15,Private (FASB)
Other core revenue %,Villanova University,7,9,Private (FASB)
Other core revenue %,Providence College,5,13,Private (FASB)
Other core revenue %,Seattle University,2,18,Private (FASB)
Other core revenue %,Marquette University,10,5,Private (FASB)
Instruction % of core expenses,Chapman University,51,2,Private (FASB)
Instruction % of core expenses,University of La Verne,41,18,Private (FASB)
Instruction % of core expenses,Loyola Marymount University,40,20,Private (FASB)
Instruction % of core expenses,University of San Diego,47,10,Private (FASB)
Instruction % of core expenses,University of San Francisco,49,5,Private (FASB)
Instruction % of core expenses,University of Denver,42,16,Private (FASB)
Instruction % of core expenses,Georgetown University,39,21,Private (FASB)
Instruction % of core expenses,Mercer University,48,8,Private (FASB)
Instruction % of core expenses,DePaul University,53,1,Private (FASB)
Instruction % of core expenses,Loyola University Chicago,38,23,Private (FASB)
Instruction % of core expenses,Butler University,44,12,Private (FASB)
Instruction % of core expenses,Suffolk University,32,25,Private (FASB)
Instruction % of core expenses,Saint Louis University,46,11,Private (FASB)
Instruction % of core expenses,Creighton University,42,16,Private (FASB)
Instruction % of core expenses,Seton Hall University,39,21,Private (FASB)
Instruction % of core expenses,Adelphi University,51,2,Private (FASB)
Instruction % of core expenses,Hofstra University,51,2,Private (FASB)
Instruction % of core expenses,Pace University,44,12,Private (FASB)
Instruction % of core expenses,St. John's University-New York,49,5,Private (FASB)
Instruction % of core expenses,Syracuse University,41,18,Private (FASB)
Instruction % of core expenses,Duquesne University,49,5,Private (FASB)
Instruction % of core expenses,Villanova University,43,14,Private (FASB)
Instruction % of core expenses,Providence College,43,14,Private (FASB)
Instruction % of core expenses,Seattle University,48,8,Private (FASB)
Instruction % of core expenses,Marquette University,38,23,Private (FASB)
Research % of core expenses,Chapman University,7,5,Private (FASB)
Research % of core expenses,University of La Verne,0,24,Private (FASB)
Research % of core expenses,Loyola Marymount University,3,11,Private (FASB)
Research % of core expenses,University of San Diego,2,13,Private (FASB)
Research % of core expenses,University of San Francisco,1,19,Private (FASB)
Research % of core expenses,University of Denver,4,9,Private (FASB)
Research % of core expenses,Georgetown University,20,1,Private (FASB)
Research % of core expenses,Mercer University,17,2,Private (FASB)
Research % of core expenses,DePaul University,2,13,Private (FASB)
Research % of core expenses,Loyola University Chicago,7,5,Private (FASB)
Research % of core expenses,Butler University,1,19,Private (FASB)
Research % of core expenses,Suffolk University,1,19,Private (FASB)
Research % of core expenses,Saint Louis University,10,4,Private (FASB)
Research % of core expenses,Creighton University,6,8,Private (FASB)
Research % of core expenses,Seton Hall University,1,19,Private (FASB)
Research % of core expenses,Adelphi University,0,24,Private (FASB)
Research % of core expenses,Hofstra University,2,13,Private (FASB)
Research % of core expenses,Pace University,1,19,Private (FASB)
Research % of core expenses,St. John's University-New York,2,13,Private (FASB)
Research % of core expenses,Syracuse University,7,5,Private (FASB)
Research % of core expenses,Duquesne University,4,9,Private (FASB)
Research % of core expenses,Villanova University,3,11,Private (FASB)
Research % of core expenses,Providence College,2,13,Private (FASB)
Research % of core expenses,Seattle University,2,13,Private (FASB)
Research % of core expenses,Marquette University,14,3,Private (FASB)
Public service % of core expenses,Chapman University,0,17,Private (FASB)
Public service % of core expenses,University of La Verne,0,17,Private (FASB)
Public service % of core expenses,Loyola Marymount University,0,17,Private (FASB)
Public service % of core expenses,University of San Diego,3,3,Private (FASB)
Public service % of core expenses,University of San Francisco,1,10,Private (FASB)
Public service % of core expenses,University of Denver,4,2,Private (FASB)
Public service % of core expenses,Georgetown University,2,6,Private (FASB)
Public service % of core expenses,Mercer University,1,10,Private (FASB)
Public service % of core expenses,DePaul University,1,10,Private (FASB)
Public service % of core expenses,Loyola University Chicago,1,10,Private (FASB)
Public service % of core expenses,Butler University,0,17,Private (FASB)
Public service % of core expenses,Suffolk University,2,6,Private (FASB)
Public service % of core expenses,Saint Louis University,2,6,Private (FASB)
Public service % of core expenses,Creighton University,2,6,Private (FASB)
Public service % of core expenses,Seton Hall University,3,3,Private (FASB)
Public service % of core expenses,Adelphi University,5,1,Private (FASB)
Public service % of core expenses,Hofstra University,3,3,Private (FASB)
Public service % of core expenses,Pace University,0,17,Private (FASB)
Public service % of core expenses,St. John's University-New York,0,17,Private (FASB)
Public service % of core expenses,Syracuse University,0,17,Private (FASB)
Public service % of core expenses,Duquesne University,1,10,Private (FASB)
Public service % of core expenses,Villanova University,0,17,Private (FASB)
Public service % of core expenses,Providence College,0,17,Private (FASB)
Public service % of core expenses,Seattle University,1,10,Private (FASB)
Public service % of core expenses,Marquette University,1,10,Private (FASB)
Academic support % of core expenses,Chapman University,14,11,Private (FASB)
Academic support % of core expenses,University of La Verne,14,11,Private (FASB)
Academic support % of core expenses,Loyola Marymount University,16,5,Private (FASB)
Academic support % of core expenses,University of San Diego,10,21,Private (FASB)
Academic support % of core expenses,University of San Francisco,9,23,Private (FASB)
Academic support % of core expenses,University of Denver,22,2,Private (FASB)
Academic support % of core expenses,Georgetown University,13,14,Private (FASB)
Academic support % of core expenses,Mercer University,13,14,Private (FASB)
Academic support % of core expenses,DePaul University,13,14,Private (FASB)
Academic support % of core expenses,Loyola University Chicago,20,3,Private (FASB)
Academic support % of core expenses,Butler University,10,21,Private (FASB)
Academic support % of core expenses,Suffolk University,16,5,Private (FASB)
Academic support % of core expenses,Saint Louis University,12,19,Private (FASB)
Academic support % of core expenses,Creighton University,26,1,Private (FASB)
Academic support % of core expenses,Seton Hall University,16,5,Private (FASB)
Academic support % of core expenses,Adelphi University,11,20,Private (FASB)
Academic support % of core expenses,Hofstra University,9,23,Private (FASB)
Academic support % of core expenses,Pace University,19,4,Private (FASB)
Academic support % of core expenses,St. John's University-New York,15,9,Private (FASB)
Academic support % of core expenses,Syracuse University,13,14,Private (FASB)
Academic support % of core expenses,Duquesne University,16,5,Private (FASB)
Academic support % of core expenses,Villanova University,15,9,Private (FASB)
Academic support % of core expenses,Providence College,13,14,Private (FASB)
Academic support % of core expenses,Seattle University,9,23,Private (FASB)
Academic support % of core expenses,Marquette University,14,11,Private (FASB)
Student services % of core expenses,Chapman University,11,20,Private (FASB)
Student services % of core expenses,University of La Verne,15,11,Private (FASB)
Student services % of core expenses,Loyola Marymount University,20,3,Private (FASB)
Student services % of core expenses,University of San Diego,16,9,Private (FASB)
Student services % of core expenses,University of San Francisco,15,11,Private (FASB)
Student services % of core expenses,University of Denver,13,15,Private (FASB)
Student services % of core expenses,Georgetown University,10,21,Private (FASB)
Student services % of core expenses,Mercer University,12,18,Private (FASB)
Student services % of core expenses,DePaul University,15,11,Private (FASB)
Student services % of core expenses,Loyola University Chicago,12,18,Private (FASB)
Student services % of core expenses,Butler University,23,2,Private (FASB)
Student services % of core expenses,Suffolk University,15,11,Private (FASB)
Student services % of core expenses,Saint Louis University,6,25,Private (FASB)
Student services % of core expenses,Creighton University,10,21,Private (FASB)
Student services % of core expenses,Seton Hall University,20,3,Private (FASB)
Student services % of core expenses,Adelphi University,16,9,Private (FASB)
Student services % of core expenses,Hofstra University,19,5,Private (FASB)
Student services % of core expenses,Pace University,13,15,Private (FASB)
Student services % of core expenses,St. John's University-New York,13,15,Private (FASB)
Student services % of core expenses,Syracuse University,25,1,Private (FASB)
Student services % of core expenses,Duquesne University,8,24,Private (FASB)
Student services % of core expenses,Villanova University,19,5,Private (FASB)
Student services % of core expenses,Providence College,10,21,Private (FASB)
Student services % of core expenses,Seattle University,19,5,Private (FASB)
Student services % of core expenses,Marquette University,19,5,Private (FASB)
Institutional support % of core expenses,Chapman University,18,16,Private (FASB)
Institutional support % of core expenses,University of La Verne,30,2,Private (FASB)
Institutional support % of core expenses,Loyola Marymount University,21,12,Private (FASB)
Institutional support % of core expenses,University of San Diego,22,6,Private (FASB)
Institutional support % of core expenses,University of San Francisco,24,3,Private (FASB)
Institutional support % of core expenses,University of Denver,15,19,Private (FASB)
Institutional support % of core expenses,Georgetown University,15,19,Private (FASB)
Institutional support % of core expenses,Mercer University,8,25,Private (FASB)
Institutional support % of core expenses,DePaul University,15,19,Private (FASB)
Institutional support % of core expenses,Loyola University Chicago,22,6,Private (FASB)
Institutional support % of core expenses,Butler University,22,6,Private (FASB)
Institutional support % of core expenses,Suffolk University,23,4,Private (FASB)
Institutional support % of core expenses,Saint Louis University,23,4,Private (FASB)
Institutional support % of core expenses,Creighton University,12,24,Private (FASB)
Institutional support % of core expenses,Seton Hall University,21,12,Private (FASB)
Institutional support % of core expenses,Adelphi University,17,17,Private (FASB)
Institutional support % of core expenses,Hofstra University,17,17,Private (FASB)
Institutional support % of core expenses,Pace University,22,6,Private (FASB)
Institutional support % of core expenses,St. John's University-New York,19,15,Private (FASB)
Institutional support % of core expenses,Syracuse University,13,23,Private (FASB)
Institutional support % of core expenses,Duquesne University,22,6,Private (FASB)
Institutional support % of core expenses,Villanova University,20,14,Private (FASB)
Institutional support % of core expenses,Providence College,32,1,Private (FASB)
Institutional support % of core expenses,Seattle University,22,6,Private (FASB)
Institutional support % of core expenses,Marquette University,14,22,Private (FASB)
Other core expenses %,Chapman University,0,6,Private (FASB)
Other core expenses %,University of La Verne,0,6,Private (FASB)
Other core expenses %,Loyola Marymount University,0,6,Private (FASB)
Other core expenses %,University of San Diego,0,6,Private (FASB)
Other core expenses %,University of San Francisco,0,6,Private (FASB)
Other core expenses %,University of Denver,0,6,Private (FASB)
Other core expenses %,Georgetown University,1,2,Private (FASB)
Other core expenses %,Mercer University,0,6,Private (FASB)
Other core expenses %,DePaul University,0,6,Private (FASB)
Other core expenses %,Loyola University Chicago,0,6,Private (FASB)
Other core expenses %,Butler University,1,2,Private (FASB)
Other core expenses %,Suffolk University,11,1,Private (FASB)
Other core expenses %,Saint Louis University,0,6,Private (FASB)
Other core expenses %,Creighton University,0,6,Private (FASB)
Other core expenses %,Seton Hall University,1,2,Private (FASB)
Other core expenses %,Adelphi University,0,6,Private (FASB)
Other core expenses %,Hofstra University,0,6,Private (FASB)
Other core expenses %,Pace University,0,6,Private (FASB)
Other core expenses %,St. John's University-New York,1,2,Private (FASB)
Other core expenses %,Syracuse University,0,6,Private (FASB)
Other core expenses %,Duquesne University,0,6,Private (FASB)
Other core expenses %,Villanova University,0,6,Private (FASB)
Other core expenses %,Providence College,0,6,Private (FASB)
Other core expenses %,Seattle University,0,6,Private (FASB)
Other core expenses %,Marquette University,0,6,Private (FASB)